{"stat.killEntity.Skeleton":2,"stat.walkOneCm":69443,"achievement.openInventory":1,"stat.leaveGame":3,"stat.damageTaken":320,"stat.mobKills":2,"stat.flyOneCm":44822,"stat.deaths":3,"stat.drop":8,"stat.jump":221,"stat.playOneMinute":21399,"stat.fallOneCm":6831,"stat.entityKilledBy.Skeleton":1,"stat.damageDealt":375,"stat.crouchOneCm":126,"stat.timeSinceDeath":1695,"stat.useItem.minecraft.dirt":3,"stat.sprintOneCm":32930,"stat.mineBlock.minecraft.dirt":3,"achievement.exploreAllBiomes":{"value":0,"progress":["Forest","Extreme Hills"]},"stat.mineBlock.minecraft.tallgrass":4}