{"stat.flyOneCm":17042,"stat.deaths":3,"stat.walkOneCm":57609,"stat.jump":142,"stat.playOneMinute":10015,"stat.fallOneCm":4189,"achievement.openInventory":5,"stat.entityKilledBy.Zombie":1,"stat.killEntity.Sheep":1,"stat.useItem.minecraft.cooked_beef":1,"stat.leaveGame":3,"stat.damageTaken":990,"stat.damageDealt":4535,"stat.killEntity.Zombie":1,"stat.timeSinceDeath":825,"stat.sprintOneCm":12781,"stat.mobKills":5,"achievement.exploreAllBiomes":{"value":0,"progress":["Forest","Extreme Hills"]},"stat.useItem.minecraft.diamond_sword":49}