{"stat.flyOneCm":2559,"stat.walkOneCm":13828,"stat.jump":19,"stat.mineBlock.minecraft.leaves":6,"stat.useItem.minecraft.chest":2,"stat.playOneMinute":8558,"achievement.openInventory":15,"stat.craftItem.minecraft.planks":4,"stat.leaveGame":1,"achievement.buildWorkBench":1,"achievement.StartSpectralMagic":1,"stat.craftItem.minecraft.crafting_table":1,"stat.timeSinceDeath":8558,"stat.useItem.minecraft.furnace":3,"achievement.mineWood":1,"stat.sprintOneCm":3023,"stat.useItem.minecraft.crafting_table":1,"stat.mineBlock.minecraft.log":1,"achievement.exploreAllBiomes":{"value":0,"progress":["Extreme Hills"]}}