{"stat.useItem.minecraft.lapis_ore":2,"stat.walkOneCm":74552,"stat.useItem.minecraft.torch":16,"achievement.openInventory":17,"stat.leaveGame":2,"stat.useItem.minecraft.stone_brick_stairs":1,"stat.useItem.minecraft.bookshelf":28,"stat.useItem.minecraft.dark_oak_stairs":124,"stat.useItem.minecraft.stonebrick":253,"stat.flyOneCm":35294,"stat.useItem.minecraft.monster_egg":33,"stat.jump":87,"stat.playOneMinute":28738,"stat.useItem.minecraft.planks":176,"stat.useItem.minecraft.enchanting_table":1,"stat.crouchOneCm":66,"stat.timeSinceDeath":28738,"stat.useItem.minecraft.dirt":152,"stat.sprintOneCm":201,"stat.useItem.minecraft.stained_glass":31,"stat.useItem.minecraft.crafting_table":1,"stat.useItem.minecraft.wooden_slab":15,"achievement.exploreAllBiomes":{"value":0,"progress":["River","Taiga"]}}