{"stat.flyOneCm":45232,"stat.walkOneCm":61090,"stat.useItem.minecraft.stone_slab":12,"stat.jump":67,"stat.useItem.minecraft.chest":2,"stat.playOneMinute":20015,"achievement.openInventory":10,"stat.useItem.minecraft.nether_brick":344,"stat.useItem.minecraft.nether_brick_stairs":145,"stat.leaveGame":1,"stat.useItem.minecraft.stone_pressure_plate":8,"stat.useItem.minecraft.bookshelf":28,"stat.useItem.minecraft.jungle_door":1,"stat.timeSinceDeath":20015,"stat.useItem.minecraft.nether_brick_fence":9,"stat.useItem.minecraft.dirt":52,"stat.sprintOneCm":376,"stat.useItem.minecraft.stained_glass":41,"stat.useItem.minecraft.crafting_table":1,"achievement.exploreAllBiomes":{"value":0,"progress":["Taiga"]},"stat.useItem.minecraft.netherrack":76}