{"stat.walkOneCm":34110,"achievement.openInventory":15,"stat.leaveGame":3,"stat.flyOneCm":14828,"stat.deaths":1,"stat.drop":1,"stat.jump":68,"stat.playOneMinute":23321,"stat.fallOneCm":2379,"stat.useItem.minecraft.wooden_sword":1,"stat.useItem.minecraft.cooked_beef":2,"stat.timeSinceDeath":23167,"stat.useItem.minecraft.dirt":1,"stat.sprintOneCm":13030,"stat.mineBlock.minecraft.dirt":1,"achievement.exploreAllBiomes":{"value":0,"progress":["Forest","Extreme Hills"]},"stat.mineBlock.minecraft.tallgrass":2}