{"stat.flyOneCm":7118,"stat.deaths":1,"stat.walkOneCm":23657,"stat.jump":10,"stat.playOneMinute":8105,"achievement.openInventory":8,"stat.fallOneCm":203,"stat.entityKilledBy.Zombie":1,"stat.leaveGame":1,"stat.damageTaken":255,"stat.damageDealt":8590,"stat.crouchOneCm":227,"stat.killEntity.Zombie":30,"stat.timeSinceDeath":837,"stat.mobKills":30,"stat.useItem.minecraft.spawn_egg":30,"achievement.exploreAllBiomes":{"value":0,"progress":["Taiga","Mega Taiga"]},"stat.mineBlock.minecraft.tallgrass":3}