{"stat.flyOneCm":37729,"stat.useItem.minecraft.dark_oak_door":1,"stat.walkOneCm":42506,"stat.useItem.minecraft.torch":8,"stat.jump":26,"stat.useItem.minecraft.painting":3,"stat.playOneMinute":10866,"achievement.openInventory":12,"stat.useItem.minecraft.planks":4,"stat.useItem.minecraft.stone":41,"stat.useItem.minecraft.item_frame":9,"stat.leaveGame":1,"stat.useItem.minecraft.log":4,"stat.crouchOneCm":332,"stat.timeSinceDeath":10866,"stat.useItem.minecraft.dirt":57,"stat.useItem.minecraft.stained_glass":12,"stat.useItem.minecraft.wooden_pressure_plate":9,"stat.sprintOneCm":219,"stat.useItem.minecraft.stonebrick":1,"achievement.exploreAllBiomes":{"value":0,"progress":["River","Taiga","Mega Taiga"]},"stat.useItem.minecraft.fence":9,"stat.useItem.minecraft.armor_stand":3}