{"stat.flyOneCm":7214,"stat.walkOneCm":17423,"stat.useItem.minecraft.torch":43,"stat.drop":9,"stat.jump":48,"stat.swimOneCm":207,"stat.playOneMinute":28498,"achievement.openInventory":11,"stat.fallOneCm":1491,"stat.leaveGame":1,"stat.damageTaken":60,"stat.crouchOneCm":148,"stat.useItem.minecraft.diamond_pickaxe":9,"stat.timeSinceDeath":28498,"stat.useItem.minecraft.dirt":3,"stat.useItem.minecraft.iron_pickaxe":1,"stat.mineBlock.minecraft.gold_ore":1,"achievement.exploreAllBiomes":{"value":0,"progress":["Mega Taiga Hills","Taiga","Mega Taiga"]}}